Pm,Po,Ps,hm,hs,LintletConst,DmotiveIn,DmotiveOut,Dthroat,alphaMotiveDiff,alphaMotiveConv,Lmch,alphaSuction,Lsuction,Dmix,Lmix,alphadiff,DdiffOut,Loutlet,Dsuc,ThicknessNozzle,ThicknessNozzleOuter,SimulatedIndicator,ConvergenceIndicator,CrashIndicator,Experiment_model_type,MeshRefinement,mfr_m,mfr_s,mfr_o,mfr_err,uni_alpha,uni_vel,ds1,eff
8500000.0,3800000.0,3300000.0,280000.0,432000.0,0.01,0.01,0.00159164325,0.00141,3.0,35.0,0.0042,42.0,0.02,0.006923775,0.0462392196768749,34.48675,0.0513423880406249,0.01,-1.0,0.001,0.01,True,True,False,HEM,0.0,0.077955475,-0.20251199,0.12455609,-4.250000000122212e-07,0.99999998,0.99999998,0.1755417517385492,-1.5135508071141477
8500000.0,3800000.0,3300000.0,280000.0,432000.0,0.01,0.01,0.00194400225,0.00141,3.0,35.0,0.0042,42.0,0.02,0.004287075,0.033555686263125,74.04275,0.028514300416875,0.01,-1.0,0.001,0.01,True,True,False,HEM,0.0,0.077386825,0.018166471,-0.095552131,1.165000000011296e-06,0.99474902,0.99474902,0.0405904655490591,0.1367717569343279
8500000.0,3800000.0,3300000.0,280000.0,432000.0,0.01,0.01,0.00206836425,0.00141,3.0,35.0,0.0042,42.0,0.02,0.006138375,0.033635379271875,85.72975000000001,0.046897952296875,0.01,-1.0,0.001,0.01,True,True,False,HEM,0.0,0.077750426,-0.124056,0.046304865,-7.09000000001514e-07,0.99999999,0.99999999,0.2708334065458995,-0.9296251861826637
8500000.0,3800000.0,3300000.0,280000.0,432000.0,0.01,0.01,0.00158473425,0.00141,3.0,35.0,0.0042,42.0,0.02,0.002660175,0.003016305928125,46.62325000000001,0.009681906425625,0.01,-1.0,0.001,0.01,True,True,False,HEM,0.0,0.077045688,0.014141168,-0.091187097,-2.409999999980484e-07,0.86359871,0.86359871,0.0625722062634688,0.1069374512678671
8500000.0,3800000.0,3300000.0,280000.0,432000.0,0.01,0.01,0.00148800825,0.00141,3.0,35.0,0.0042,42.0,0.02,0.004230975,0.0028953619668749,78.53775,0.0178713210768749,0.01,-1.0,0.001,0.01,True,True,False,HEM,0.0,0.077553543,-0.021466661,-0.056086921,-3.899999999334992e-08,0.95785625,0.95785625,0.0631295154986441,-0.1612707997600145
8500000.0,3800000.0,3300000.0,280000.0,432000.0,0.01,0.01,0.00157091625,0.00141,3.0,35.0,0.0042,42.0,0.02,0.003165075,0.014971675145625,19.203750000000003,0.0116617979643749,0.01,-1.0,0.001,0.01,True,False,False,HEM,0.0,0.077197782,0.035540231,-0.11281607,-7.805700000000637e-05,0.96335714,0.96335714,0.0604224144539316,0.2682305922104885
8500000.0,3800000.0,3300000.0,280000.0,432000.0,0.01,0.01,0.00150182625,0.00141,3.0,35.0,0.0042,42.0,0.02,0.001986975,0.010986928588125,49.76975,0.003480534433125,0.01,-1.0,0.001,0.01,True,True,False,HEM,0.0,0.076862566,-0.0059195674,-0.070945598,-2.5994000000112427e-06,0.017340455,0.017340455,0.0805081387804963,-0.0448712301207769
8500000.0,3800000.0,3300000.0,280000.0,432000.0,0.01,0.01,0.00202691025,0.00141,3.0,35.0,0.0042,42.0,0.02,0.0048480749999999,0.027049470856875,45.27475,0.0074026469193749,0.01,-1.0,0.001,0.01,True,True,False,HEM,0.0,0.077498472,0.006546611,-0.084045488,-4.050000000088705e-07,0.95362515,0.95362515,0.0566364024952109,0.049217129526597
8500000.0,3800000.0,3300000.0,280000.0,432000.0,0.01,0.01,0.00164346075,0.00141,3.0,35.0,0.0042,42.0,0.02,0.006699375,0.026001111796875,69.09825000000001,0.036428354015625,0.01,-1.0,0.001,0.01,True,True,False,HEM,0.0,0.077926386,-0.17583283,0.097905812,-6.3200000000041e-07,0.99999998,0.99999998,0.2001695230410926,-1.3146444596612012
8500000.0,3800000.0,3300000.0,280000.0,432000.0,0.01,0.01,0.00185763975,0.00141,3.0,35.0,0.0042,42.0,0.02,0.0036980249999999,0.001791785563125,36.28475,0.011796977101875,0.01,-1.0,0.001,0.01,True,True,False,HEM,0.0,0.077255935,-0.011864284,-0.065391663,-1.2000000007561518e-08,0.95033616,0.95033616,0.044345616932201,-0.0894751769314162
8500000.0,3800000.0,3300000.0,280000.0,432000.0,0.01,0.01,0.00146728125,0.00141,3.0,35.0,0.0042,42.0,0.02,0.002043075,0.008541739036875,20.102750000000004,0.018823616128125,0.01,-1.0,0.001,0.01,True,False,False,HEM,0.0,0.076921092,-0.004256777,-0.079355772,-0.006691457,0.99849636,0.99849636,0.1165074627098802,-0.0322424728777625
8500000.0,3800000.0,3300000.0,280000.0,432000.0,0.01,0.01,0.00176782275,0.00141,3.0,35.0,0.0042,42.0,0.02,0.001510125,0.013026904546875,35.38575,0.003663449990625,0.01,-1.0,0.001,0.01,True,True,False,HEM,0.0,0.076613474,-0.023104119,-0.053548762,-3.940699999999825e-05,0.53276062,0.53276062,0.0586621961794182,-0.17570217675183
8500000.0,3800000.0,3300000.0,280000.0,432000.0,0.01,0.01,0.00178854975,0.00141,3.0,35.0,0.0042,42.0,0.02,0.001874775,0.001563890435625,42.12825000000001,0.004800876950625,0.01,-1.0,0.001,0.01,True,False,False,HEM,0.0,0.076740243,-0.0032824331,-0.073722714,-0.0002649040999999,0.20791024,0.20791024,0.0584789332648232,-0.0249210076304972
8500000.0,3800000.0,3300000.0,280000.0,432000.0,0.01,0.01,0.00157782525,0.00141,3.0,35.0,0.0042,42.0,0.02,0.006867675,0.033172072093125,66.85074999999999,0.018821378413125,0.01,-1.0,0.001,0.01,True,True,False,HEM,0.0,0.077955063,-0.19592348,0.11796788,-5.370000000087805e-07,0.9957648,0.9957648,0.1807673139466477,-1.4643167968956254
8500000.0,3800000.0,3300000.0,280000.0,432000.0,0.01,0.01,0.00167800575,0.00141,3.0,35.0,0.0042,42.0,0.02,0.004062675,0.007650524859375,30.890750000000004,0.034143837935625,0.01,-1.0,0.001,0.01,True,True,False,HEM,0.0,0.077425186,0.016175211,-0.093600408,-1.1000000008087872e-08,0.99882703,0.99882703,0.0490577529136513,0.1217196183836809
8500000.0,3800000.0,3300000.0,280000.0,432000.0,0.01,0.01,0.00202000125,0.00141,3.0,35.0,0.0042,42.0,0.02,0.001538175,0.004894203669375,47.522250000000014,0.005529162309375,0.01,-1.0,0.001,0.01,True,False,False,HEM,0.0,0.076580862,-0.030598488,-0.046055451,-7.307699999999778e-05,0.48957928,0.48957928,0.0442611779601482,-0.2327944386629637
8500000.0,3800000.0,3300000.0,280000.0,432000.0,0.01,0.01,0.00163309725,0.00141,3.0,35.0,0.0042,42.0,0.02,0.003052875,0.0148984116093749,52.466750000000005,0.020991492178125,0.01,-1.0,0.001,0.01,True,False,False,HEM,0.0,0.077154681,0.024278851,-0.10152168,-8.814799999999623e-05,0.98693864,0.98693864,0.0578780918083849,0.1833406364734195
8500000.0,3800000.0,3300000.0,280000.0,432000.0,0.01,0.01,0.00162964275,0.00141,3.0,35.0,0.0042,42.0,0.02,0.002295525,0.018196798839375,9.31475,0.010108860830625,0.01,-1.0,0.001,0.01,True,False,False,HEM,0.0,0.076916353,0.0063300407,-0.083995544,-0.0007491503,0.98093795,0.98093795,0.1134266474368777,0.0479491268714655
8500000.0,3800000.0,3300000.0,280000.0,432000.0,0.01,0.01,0.00188527575,0.00141,3.0,35.0,0.0042,42.0,0.02,0.001566225,0.014840804143125,76.29024999999999,0.015627049093125,0.01,-1.0,0.001,0.01,True,False,False,HEM,0.0,0.076611511,-0.026442631,-0.049247484,0.0009213959999999,0.96791242,0.96791242,0.0878532051035028,-0.2010960413552593
8500000.0,3800000.0,3300000.0,280000.0,432000.0,0.01,0.01,0.00159509775,0.00141,3.0,35.0,0.0042,42.0,0.02,0.005633475,0.048033683750625,10.21375,0.021516353578125,0.01,-1.0,0.001,0.01,True,True,False,HEM,0.0,0.077762513,-0.052301281,-0.025462041,-8.089999999939812e-07,0.99956392,0.99956392,0.0617942936315039,-0.391863599956806
8500000.0,3800000.0,3300000.0,280000.0,432000.0,0.01,0.01,0.00200963775,0.00141,3.0,35.0,0.0042,42.0,0.02,0.002968725,0.004997329010625,85.28025,0.015475443898125,0.01,-1.0,0.001,0.01,True,True,False,HEM,0.0,0.077038461,0.011644166,-0.088683257,-6.300000000014627e-07,0.9093198,0.9093198,0.0437964998534101,0.088063040231643
8500000.0,3800000.0,3300000.0,280000.0,432000.0,0.01,0.01,0.00177818625,0.00141,3.0,35.0,0.0042,42.0,0.02,0.006194475,0.0401310611493749,8.415750000000001,0.044820588448125,0.01,-1.0,0.001,0.01,True,True,False,HEM,0.0,0.077815091,-0.11817784,0.040361845,-9.04000000002958e-07,0.99999998,0.99999998,0.2976194896778675,-0.8848407252413176
8500000.0,3800000.0,3300000.0,280000.0,432000.0,0.01,0.01,0.00199581975,0.00141,3.0,35.0,0.0042,42.0,0.02,0.005605425,0.0206353911881249,63.25475000000001,0.045849713923125,0.01,-1.0,0.001,0.01,True,True,False,HEM,0.0,0.077682297,-0.062763409,-0.014919551,-6.630000000083791e-07,0.99890374,0.99890374,0.0337116452434534,-0.4707359324091643
8500000.0,3800000.0,3300000.0,280000.0,432000.0,0.01,0.01,0.00153982575,0.00141,3.0,35.0,0.0042,42.0,0.02,0.003501675,0.012191169054375,13.80975,0.020614623350625,0.01,-1.0,0.001,0.01,True,False,False,HEM,0.0,0.077319902,0.045337468,-0.12287649,-0.00021912,0.9979841,0.9979841,0.0492075182813023,0.3416322427134442
8500000.0,3800000.0,3300000.0,280000.0,432000.0,0.01,0.01,0.00147073575,0.00141,3.0,35.0,0.0042,42.0,0.02,0.005381025,0.036473798180625,48.421250000000015,0.049819278283125,0.01,-1.0,0.001,0.01,True,True,False,HEM,0.0,0.077773255,-0.033542193,-0.044229793,1.2689999999981882e-06,0.99984875,0.99984875,0.0518945246928743,-0.251277766258616
8500000.0,3800000.0,3300000.0,280000.0,432000.0,0.01,0.01,0.00188182125,0.00141,3.0,35.0,0.0042,42.0,0.02,0.006615225,0.049465510318125,83.48225,0.020805709528125,0.01,-1.0,0.001,0.01,True,True,False,HEM,0.0,0.077869472,-0.16579697,0.087926888,-6.09999999998112e-07,0.9986099,0.9986099,0.2227519568134699,-1.2405156405964002
8500000.0,3800000.0,3300000.0,280000.0,432000.0,0.01,0.01,0.00193018425,0.00141,3.0,35.0,0.0042,42.0,0.02,0.0027162749999999,0.006200508849375,29.09275,0.016479300890625,0.01,-1.0,0.001,0.01,True,True,False,HEM,0.0,0.076967387,0.018459539,-0.095413649,1.32769999999921e-05,0.97992748,0.97992748,0.0549374398622731,0.1397355771492648
8500000.0,3800000.0,3300000.0,280000.0,432000.0,0.01,0.01,0.00153637125,0.00141,3.0,35.0,0.0042,42.0,0.02,0.0057737249999999,0.040000799829375,29.542250000000003,0.0137470948818749,0.01,-1.0,0.001,0.01,True,True,False,HEM,0.0,0.077822241,-0.072699617,-0.0051309949,-8.370899999993534e-06,0.993028,0.993028,0.0654090938865929,-0.5442786199765397
8500000.0,3800000.0,3300000.0,280000.0,432000.0,0.01,0.01,0.00158127975,0.00141,3.0,35.0,0.0042,42.0,0.02,0.005128575,0.012987987973125,0.77425,0.011519420521875,0.01,-1.0,0.001,0.01,True,True,False,HEM,0.0,0.077682706,0.0010317804,-0.078708427,6.059400000008042e-06,0.98886519,0.98886519,0.0765254157883671,0.0077384826474615
8500000.0,3800000.0,3300000.0,280000.0,432000.0,0.01,0.01,0.0014569177499999,0.00141,3.0,35.0,0.0042,42.0,0.02,0.004090725,0.004229707381875,88.87625,0.039712042423125,0.01,-1.0,0.001,0.01,True,True,False,HEM,0.0,0.077543313,0.013958847,-0.091502127,3.2999999996508045e-08,0.99530766,0.99530766,0.1420678380233214,0.1048813043547875
8500000.0,3800000.0,3300000.0,280000.0,432000.0,0.01,0.01,0.00186454875,0.00141,3.0,35.0,0.0042,42.0,0.02,0.003305325,0.024550549336875,37.18375,0.029561752569375,0.01,-1.0,0.001,0.01,True,False,False,HEM,0.0,0.077148929,0.034478947,-0.1117737,-0.0001458239999999,0.9983727,0.9983727,0.0338021499995708,0.2603856085504783
8500000.0,3800000.0,3300000.0,280000.0,432000.0,0.01,0.01,0.00172291425,0.00141,3.0,35.0,0.0042,42.0,0.02,0.004483425,0.0129217912781249,42.57775000000001,0.037478406688125,0.01,-1.0,0.001,0.01,True,True,False,HEM,0.0,0.077519773,0.021393033,-0.098912573,2.329999999883814e-07,0.99827523,0.99827523,0.030108884527836,0.1607876743661039
8500000.0,3800000.0,3300000.0,280000.0,432000.0,0.01,0.01,0.00160891575,0.00141,3.0,35.0,0.0042,42.0,0.02,0.004932225,0.011012548674375,27.744250000000005,0.0252674187581249,0.01,-1.0,0.001,0.01,True,True,False,HEM,0.0,0.077641019,0.0069477731,-0.084588679,1.13100000004307e-07,0.9980461,0.9980461,0.0704093444010614,0.0521371497118879
8500000.0,3800000.0,3300000.0,280000.0,432000.0,0.01,0.01,0.00175055025,0.00141,3.0,35.0,0.0042,42.0,0.02,0.005465175,0.035133287375625,70.44675,0.022593170079375,0.01,-1.0,0.001,0.01,True,True,False,HEM,0.0,0.077720343,-0.033319641,-0.044401559,-8.569999999999411e-07,0.99962026,0.99962026,0.0302083252445773,-0.2497804764809765
8500000.0,3800000.0,3300000.0,280000.0,432000.0,0.01,0.01,0.00201309225,0.00141,3.0,35.0,0.0042,42.0,0.02,0.006026175,0.012251063120625,79.43675,0.010014146960625,0.01,-1.0,0.001,0.01,True,True,False,HEM,0.0,0.077753085,-0.11169495,0.033941041,-8.240000000034331e-07,0.9965808,0.9965808,0.2101552574386648,-0.8369678835306644
8500000.0,3800000.0,3300000.0,280000.0,432000.0,0.01,0.01,0.00190254825,0.00141,3.0,35.0,0.0042,42.0,0.02,0.005998125,0.040357034484375,35.83525,0.026144477296875,0.01,-1.0,0.001,0.01,True,True,False,HEM,0.0,0.077788646,-0.098824373,0.021034312,-1.4149999999907292e-06,1.0,1.0,0.3475188430978209,-0.7401857848278678
8500000.0,3800000.0,3300000.0,280000.0,432000.0,0.01,0.01,0.00183691275,0.00141,3.0,35.0,0.0042,42.0,0.02,0.001734525,0.001706815963125,55.16375000000001,0.007014635915625,0.01,-1.0,0.001,0.01,True,True,False,HEM,0.0,0.076674359,-0.012418801,-0.064253722,1.835999999991178e-06,0.69152988,0.69152988,0.0527473777367946,-0.0943674889277445
8500000.0,3800000.0,3300000.0,280000.0,432000.0,0.01,0.01,0.00205800075,0.00141,3.0,35.0,0.0042,42.0,0.02,0.0032211749999999,0.018133202015625,64.15374999999999,0.022727886035625,0.01,-1.0,0.001,0.01,True,True,False,HEM,0.0,0.077095715,0.019853385,-0.096950325,-1.22500000000747e-06,0.97940004,0.97940004,0.0379169885824416,0.1500365982384819
8500000.0,3800000.0,3300000.0,280000.0,432000.0,0.01,0.01,0.00152255325,0.00141,3.0,35.0,0.0042,42.0,0.02,0.003669975,0.0279922755656249,43.92625,0.0201207296868749,0.01,-1.0,0.001,0.01,True,False,False,HEM,0.0,0.077383844,0.032964861,-0.11044895,-0.000100245,0.98406534,0.98406534,0.0477704020633699,0.2481954607409165
8500000.0,3800000.0,3300000.0,280000.0,432000.0,0.01,0.01,0.00156055275,0.00141,3.0,35.0,0.0042,42.0,0.02,0.006278625,0.052280069821875,50.66875,0.025109320134375,0.01,-1.0,0.001,0.01,True,True,False,HEM,0.0,0.077876279,-0.12513759,0.04726046,-8.509999999892215e-07,0.99999847,0.99999847,0.2878411423829031,-0.936214750173993
8500000.0,3800000.0,3300000.0,280000.0,432000.0,0.01,0.01,0.00180582225,0.00141,3.0,35.0,0.0042,42.0,0.02,0.0043712249999999,0.032904286906875,71.34575,0.022982917524375,0.01,-1.0,0.001,0.01,True,True,False,HEM,0.0,0.077457413,0.023829019,-0.10128223,4.202000000008699e-06,0.9838498,0.9838498,0.0180272345882057,0.1792404644088041
8500000.0,3800000.0,3300000.0,280000.0,432000.0,0.01,0.01,0.00165036975,0.00141,3.0,35.0,0.0042,42.0,0.02,0.005970075,0.021381375856875,39.431250000000006,0.053931120268125,0.01,-1.0,0.001,0.01,True,True,False,HEM,0.0,0.07780803,-0.092071274,0.014257534,-5.709999999993845e-06,0.99996877,0.99996877,0.3201200478705606,-0.689433873864112
8500000.0,3800000.0,3300000.0,280000.0,432000.0,0.01,0.01,0.00184036725,0.00141,3.0,35.0,0.0042,42.0,0.02,0.005100525,0.039413159319375,57.41125,0.012832028308125,0.01,-1.0,0.001,0.01,True,True,False,HEM,0.0,0.07762551,-0.0012708627,-0.076355761,-1.11369999999944e-06,0.99459729,0.99459729,0.0428534876487884,-0.0095386530312378
8500000.0,3800000.0,3300000.0,280000.0,432000.0,0.01,0.01,0.00167109675,0.00141,3.0,35.0,0.0042,42.0,0.02,0.002688225,0.023995297966875,50.21925000000002,0.021263389310625,0.01,-1.0,0.001,0.01,True,True,False,HEM,0.0,0.077028702,0.015375705,-0.092402804,1.6030000000027966e-06,0.99396738,0.99396738,0.058170644329919,0.1162988293315835
8500000.0,3800000.0,3300000.0,280000.0,432000.0,0.01,0.01,0.00203036475,0.00141,3.0,35.0,0.0042,42.0,0.02,0.001958925,0.016996269950625,4.37025,0.017255827513125,0.01,-1.0,0.001,0.01,True,True,False,HEM,0.0,0.076715647,-0.012549237,-0.064195232,-2.882200000001167e-05,0.99479053,0.99479053,0.0934756295674677,-0.0953073192223574
8500000.0,3800000.0,3300000.0,280000.0,432000.0,0.01,0.01,0.00147419025,0.00141,3.0,35.0,0.0042,42.0,0.02,0.0049602749999999,0.040559300626875,84.38125,0.0222896157468749,0.01,-1.0,0.001,0.01,True,True,False,HEM,0.0,0.077704546,-0.0016284292,-0.076079082,-2.9652000000102152e-06,0.99797029,0.99797029,0.0695524017782244,-0.0122099908573697
8500000.0,3800000.0,3300000.0,280000.0,432000.0,0.01,0.01,0.00177473175,0.00141,3.0,35.0,0.0042,42.0,0.02,0.001594275,0.0069042868856249,3.92075,0.0118938096393749,0.01,-1.0,0.001,0.01,True,False,False,HEM,0.0,0.07663792,-0.017695212,-0.0591551,-0.000212392,0.99486411,0.99486411,0.1032248577879391,-0.1345256024848677
8500000.0,3800000.0,3300000.0,280000.0,432000.0,0.01,0.01,0.00199927425,0.00141,3.0,35.0,0.0042,42.0,0.02,0.002940675,0.011706900691875,9.76425,0.013478657379375,0.01,-1.0,0.001,0.01,True,True,False,HEM,0.0,0.077026762,0.029022474,-0.10604902,2.159999999973295e-07,0.98912765,0.98912765,0.0510748556066484,0.2195258533170466
8500000.0,3800000.0,3300000.0,280000.0,432000.0,0.01,0.01,0.00166764225,0.00141,3.0,35.0,0.0042,42.0,0.02,0.001818675,0.006876819376875,86.62875,0.014794148188125,0.01,-1.0,0.001,0.01,True,False,False,HEM,0.0,0.07675861,-0.008404507,-0.068207253,0.00014685,0.95706038,0.95706038,0.086476269694168,-0.0637937344793308
8500000.0,3800000.0,3300000.0,280000.0,432000.0,0.01,0.01,0.00166418775,0.00141,3.0,35.0,0.0042,42.0,0.02,0.001650375,0.000222594328125,24.597750000000005,0.007861272496875,0.01,-1.0,0.001,0.01,True,True,False,HEM,0.0,0.07669657,-0.013722005,-0.062977188,-2.6229999999932696e-06,0.77319354,0.77319354,0.0843427483214683,-0.1042400272094609
8500000.0,3800000.0,3300000.0,280000.0,432000.0,0.01,0.01,0.00154673475,0.00141,3.0,35.0,0.0042,42.0,0.02,0.004006575,0.007344753125625,37.63325,0.0300704471831249,0.01,-1.0,0.001,0.01,True,True,False,HEM,0.0,0.077455128,0.01531282,-0.092768294,-3.459999999982921e-07,0.99532043,0.99532043,0.0627144788945171,0.1151855197560356
8500000.0,3800000.0,3300000.0,280000.0,432000.0,0.01,0.01,0.00210981825,0.00141,3.0,35.0,0.0042,42.0,0.02,0.006054225,0.0374079967856249,32.688750000000006,0.045710760950625,0.01,-1.0,0.001,0.01,True,True,False,HEM,0.0,0.077713815,-0.11893539,0.041221084,-4.909999999982984e-07,0.99999997,0.99999997,0.2874564295167845,-0.8916732881302676
8500000.0,3800000.0,3300000.0,280000.0,432000.0,0.01,0.01,0.00143964525,0.00141,3.0,35.0,0.0042,42.0,0.02,0.0050163749999999,0.0390134770593749,69.99725000000001,0.0198358754343749,0.01,-1.0,0.001,0.01,True,True,False,HEM,0.0,0.077702245,-0.0077072878,-0.069993815,1.1421999999983168e-06,0.99778411,0.99778411,0.0710233612404987,-0.0577910911543938
8500000.0,3800000.0,3300000.0,280000.0,432000.0,0.01,0.01,0.00208218225,0.00141,3.0,35.0,0.0042,42.0,0.02,0.006811575,0.0662444400581249,55.61325,0.024178877488125,0.01,-1.0,0.001,0.01,True,True,False,HEM,0.0,0.077867303,-0.20097111,0.12310369,-1.170000000078053e-07,0.999375,0.999375,0.1711460634525775,-1.503735259769981
8500000.0,3800000.0,3300000.0,280000.0,432000.0,0.01,0.01,0.00167455125,0.00141,3.0,35.0,0.0042,42.0,0.02,0.002323575,0.006812896168125,51.11825000000002,0.020154631460625,0.01,-1.0,0.001,0.01,True,True,False,HEM,0.0,0.076909038,0.0081321585,-0.085041333,-1.3649999999754137e-07,0.96467277,0.96467277,0.0676975590685602,0.061605762946801
8500000.0,3800000.0,3300000.0,280000.0,432000.0,0.01,0.01,0.00184382175,0.00141,3.0,35.0,0.0042,42.0,0.02,0.0068957249999999,0.055696253645625,65.05274999999999,0.041525538770625,0.01,-1.0,0.001,0.01,True,True,False,HEM,0.0,0.077911388,-0.200501,0.12258928,-3.320000000195389e-07,0.99999997,0.99999997,0.1780603209946649,-1.4993688584856817
8500000.0,3800000.0,3300000.0,280000.0,432000.0,0.01,0.01,0.00164000625,0.00141,3.0,35.0,0.0042,42.0,0.02,0.002267475,0.006874927513125,16.05725,0.007844953318125,0.01,-1.0,0.001,0.01,True,False,False,HEM,0.0,0.076907777,0.0064786571,-0.088544322,-0.0051578879,0.61978861,0.61978861,0.1173156703840758,0.0490803465813943
8500000.0,3800000.0,3300000.0,280000.0,432000.0,0.01,0.01,0.00162273375,0.00141,3.0,35.0,0.0042,42.0,0.02,0.006222525,0.024461212464375,56.51225,0.018451808945625,0.01,-1.0,0.001,0.01,True,True,False,HEM,0.0,0.077852563,-0.1194108,0.041557431,-8.059999999990297e-07,0.99945273,0.99945273,0.2665295196783832,-0.8936420129057624
8500000.0,3800000.0,3300000.0,280000.0,432000.0,0.01,0.01,0.00163655175,0.00141,3.0,35.0,0.0042,42.0,0.02,0.005885925,0.019609989174375,54.26475000000001,0.011103944660625,0.01,-1.0,0.001,0.01,True,True,False,HEM,0.0,0.077799506,-0.083419658,0.0056119064,-8.245599999989403e-06,0.99814359,0.99814359,0.3154835269724939,-0.6247186199967232
8500000.0,3800000.0,3300000.0,280000.0,432000.0,0.01,0.01,0.00178509525,0.00141,3.0,35.0,0.0042,42.0,0.02,0.004455375,0.035540637759375,86.17925,0.025828588565625,0.01,-1.0,0.001,0.01,True,True,False,HEM,0.0,0.077493991,0.021046424,-0.098531486,8.928999999990861e-06,0.99330328,0.99330328,0.0362908100965986,0.1582352262245133
8500000.0,3800000.0,3300000.0,280000.0,432000.0,0.01,0.01,0.00146382675,0.00141,3.0,35.0,0.0042,42.0,0.02,0.003137025,0.017972878906875,53.81525,0.007187159551875,0.01,-1.0,0.001,0.01,True,False,False,HEM,0.0,0.077282281,0.025315761,-0.10268624,-8.819799999999767e-05,0.86758786,0.86758786,0.0424313508601852,0.1908551748487929
8500000.0,3800000.0,3300000.0,280000.0,432000.0,0.01,0.01,0.00204763725,0.00141,3.0,35.0,0.0042,42.0,0.02,0.0038382749999999,0.0348358960293749,23.698750000000004,0.0327755100093749,0.01,-1.0,0.001,0.01,True,True,False,HEM,0.0,0.077255415,0.037723461,-0.11495597,2.2905999999989213e-05,0.99934748,0.99934748,0.0343627686543488,0.2844955554337467
8500000.0,3800000.0,3300000.0,280000.0,432000.0,0.01,0.01,0.00152946225,0.00141,3.0,35.0,0.0042,42.0,0.02,0.004202925,0.0268088824781249,73.59325000000001,0.0175639185018749,0.01,-1.0,0.001,0.01,True,True,False,HEM,0.0,0.077527078,0.022797248,-0.10032375,5.759999999882526e-07,0.96986266,0.96986266,0.0555626014673045,0.1713254546025611
8500000.0,3800000.0,3300000.0,280000.0,432000.0,0.01,0.01,0.00155709825,0.00141,3.0,35.0,0.0042,42.0,0.02,0.001678425,0.015484771404375,61.90625000000001,0.011465363135625,0.01,-1.0,0.001,0.01,True,False,False,HEM,0.0,0.07673718,-0.021029328,-0.055575035,0.000132817,0.91565169,0.91565169,0.060769348471496,-0.1596659996299762
8500000.0,3800000.0,3300000.0,280000.0,432000.0,0.01,0.01,0.00151218975,0.00141,3.0,35.0,0.0042,42.0,0.02,0.006531075,0.0553608205143749,34.93625,0.064576820446875,0.01,-1.0,0.001,0.01,True,True,False,HEM,0.0,0.077918469,-0.1581251,0.080206051,-5.799999999861472e-07,1.0,1.0,0.2156672560441517,-1.1823696881427457
8500000.0,3800000.0,3300000.0,280000.0,432000.0,0.01,0.01,0.00191636625,0.00141,3.0,35.0,0.0042,42.0,0.02,0.0063627749999999,0.0056254884468749,77.18924999999999,0.0549045445443749,0.01,-1.0,0.001,0.01,True,True,False,HEM,0.0,0.077827849,-0.16471809,0.086888529,-1.712000000000935e-06,0.99999998,0.99999998,0.1717061356046368,-1.2331024338858685
8500000.0,3800000.0,3300000.0,280000.0,432000.0,0.01,0.01,0.00195436575,0.00141,3.0,35.0,0.0042,42.0,0.02,0.002491875,0.012534068953125,7.96625,0.007277209453125,0.01,-1.0,0.001,0.01,True,False,False,HEM,0.0,0.07688628,0.011466809,-0.08984004,-0.001486951,0.65912414,0.65912414,0.0968898001421405,0.0868933647402092
8500000.0,3800000.0,3300000.0,280000.0,432000.0,0.01,0.01,0.00196472925,0.00141,3.0,35.0,0.0042,42.0,0.02,0.002632125,9.2058571875e-05,80.78524999999999,0.021647846259375,0.01,-1.0,0.001,0.01,True,True,False,HEM,0.0,0.076930674,-0.00048839582,-0.07644229,-1.1819999992668253e-08,0.96790373,0.96790373,0.0881485182804878,-0.0036988377877874
8500000.0,3800000.0,3300000.0,280000.0,432000.0,0.01,0.01,0.00206490975,0.00141,3.0,35.0,0.0042,42.0,0.02,0.001454025,0.012179822165625,20.552250000000004,0.009540330583125,0.01,-1.0,0.001,0.01,True,True,False,HEM,0.0,0.076553755,-0.04092626,-0.03558036,4.71350000000037e-05,0.98572329,0.98572329,0.0645404524844964,-0.3114787662852616
8500000.0,3800000.0,3300000.0,280000.0,432000.0,0.01,0.01,0.00168836925,0.00141,3.0,35.0,0.0042,42.0,0.02,0.001902825,0.011281992136875,56.06275000000001,0.018643356073125,0.01,-1.0,0.001,0.01,True,False,False,HEM,0.0,0.076777156,-0.0053731171,-0.071194803,0.0002092358999999,0.95419672,0.95419672,0.0694763395957101,-0.0407743615520996
8500000.0,3800000.0,3300000.0,280000.0,432000.0,0.01,0.01,0.00180236775,0.00141,3.0,35.0,0.0042,42.0,0.02,0.002099175,0.006259792329375,68.19925,0.0192461285493749,0.01,-1.0,0.001,0.01,True,False,False,HEM,0.0,0.076801751,0.0038471333,-0.080425297,0.0002235872999999,0.96594914,0.96594914,0.0639866375436728,0.0291849529655181
8500000.0,3800000.0,3300000.0,280000.0,432000.0,0.01,0.01,0.00187836675,0.00141,3.0,35.0,0.0042,42.0,0.02,0.004343175,0.033343966006875,36.73425,0.014635956853125,0.01,-1.0,0.001,0.01,True,True,False,HEM,0.0,0.077421619,0.039167241,-0.1165708,1.805999999998642e-05,0.98812396,0.98812396,0.0265922427096951,0.2947498659665228
8500000.0,3800000.0,3300000.0,280000.0,432000.0,0.01,0.01,0.00155018925,0.00141,3.0,35.0,0.0042,42.0,0.02,0.003557775,0.001190698348125,43.02725000000001,0.009430505248125,0.01,-1.0,0.001,0.01,True,True,False,HEM,0.0,0.077332238,-0.0079723468,-0.069359877,1.4199999995301305e-08,0.86398314,0.86398314,0.0726874350063989,-0.060064586049478
8500000.0,3800000.0,3300000.0,280000.0,432000.0,0.01,0.01,0.00175745925,0.00141,3.0,35.0,0.0042,42.0,0.02,0.002547975,0.011925351091875,45.72425000000001,0.021070288164375,0.01,-1.0,0.001,0.01,True,True,False,HEM,0.0,0.076961812,0.015854832,-0.092834131,-1.748699999999659e-05,0.98997327,0.98997327,0.034486472111657,0.1200270812028892
8500000.0,3800000.0,3300000.0,280000.0,432000.0,0.01,0.01,0.00174018675,0.00141,3.0,35.0,0.0042,42.0,0.02,0.003080925,0.015189191319375,28.19375,0.022569239064375,0.01,-1.0,0.001,0.01,True,False,False,HEM,0.0,0.07712177,0.031983314,-0.10923342,-0.0001283359999999,0.99681705,0.99681705,0.0313207902166255,0.2416236042268878
8500000.0,3800000.0,3300000.0,280000.0,432000.0,0.01,0.01,0.00152600775,0.00141,3.0,35.0,0.0042,42.0,0.02,0.005549325,0.005183485749375,70.89625000000001,0.020696068854375,0.01,-1.0,0.001,0.01,True,True,False,HEM,0.0,0.077792473,-0.1017131,0.023920992,3.649999999986997e-07,0.9936993,0.9936993,0.042276067168256,-0.7617846159026965
8500000.0,3800000.0,3300000.0,280000.0,432000.0,0.01,0.01,0.00198891075,0.00141,3.0,35.0,0.0042,42.0,0.02,0.003754125,0.035197268203125,13.36025,0.032900682234375,0.01,-1.0,0.001,0.01,True,False,False,HEM,0.0,0.077245555,0.047158239,-0.12455054,-0.000146746,0.99980915,0.99980915,0.0363609726723955,0.3556943494886433
8500000.0,3800000.0,3300000.0,280000.0,432000.0,0.01,0.01,0.00193363875,0.00141,3.0,35.0,0.0042,42.0,0.02,0.0027723749999999,0.023361625865625,53.365750000000006,0.021679764571875,0.01,-1.0,0.001,0.01,True,True,False,HEM,0.0,0.076990577,0.014568066,-0.091530211,2.8432000000008784e-05,0.98736488,0.98736488,0.0517491790067541,0.1102445707298778
8500000.0,3800000.0,3300000.0,280000.0,432000.0,0.01,0.01,0.00179891325,0.00141,3.0,35.0,0.0042,42.0,0.02,0.002576025,0.0156594627731249,26.395750000000003,0.012502028930625,0.01,-1.0,0.001,0.01,True,True,False,HEM,0.0,0.076967676,0.017632735,-0.094632215,-3.180400000001027e-05,0.9688851,0.9688851,0.0390158938750865,0.1334763100183623
8500000.0,3800000.0,3300000.0,280000.0,432000.0,0.01,0.01,0.00161927925,0.00141,3.0,35.0,0.0042,42.0,0.02,0.002828475,0.011684076665625,31.789750000000005,0.005590268701875,0.01,-1.0,0.001,0.01,True,False,False,HEM,0.0,0.077089417,0.023181892,-0.10037154,-0.000100231,0.56544165,0.56544165,0.0667289580595091,0.1752052040771935
8500000.0,3800000.0,3300000.0,280000.0,432000.0,0.01,0.01,0.00201654675,0.00141,3.0,35.0,0.0042,42.0,0.02,0.004651725,0.0010921087368749,63.70425000000001,0.024666818450625,0.01,-1.0,0.001,0.01,True,True,False,HEM,0.0,0.07745578,-0.10796654,0.030511587,8.27000000001854e-07,0.98844085,0.98844085,0.0224626570069143,-0.8121350177194138
8500000.0,3800000.0,3300000.0,280000.0,432000.0,0.01,0.01,0.00209600025,0.00141,3.0,35.0,0.0042,42.0,0.02,0.0043151249999999,0.011574567665625,72.69425000000001,0.0083345560593749,0.01,-1.0,0.001,0.01,True,True,False,HEM,0.0,0.077356632,0.015728655,-0.093086608,-1.321000000012451e-06,0.89110629,0.89110629,0.0403567396024224,0.118464143395622
8500000.0,3800000.0,3300000.0,280000.0,432000.0,0.01,0.01,0.00211327275,0.00141,3.0,35.0,0.0042,42.0,0.02,0.003978525,0.029352065503125,78.08824999999999,0.027713907834375,0.01,-1.0,0.001,0.01,True,True,False,HEM,0.0,0.077280734,0.015281036,-0.092560943,8.269999999949151e-07,0.99286084,0.99286084,0.0482359085490651,0.1152058268849455
8500000.0,3800000.0,3300000.0,280000.0,432000.0,0.01,0.01,0.00189218475,0.00141,3.0,35.0,0.0042,42.0,0.02,0.005324925,0.032103839701875,21.001750000000005,0.029912100571875,0.01,-1.0,0.001,0.01,True,True,False,HEM,0.0,0.077655414,-0.018871952,-0.05878437,-9.079999999939136e-07,0.99979437,0.99979437,0.049946178295279,-0.1415917562871246
8500000.0,3800000.0,3300000.0,280000.0,432000.0,0.01,0.01,0.00197163825,0.00141,3.0,35.0,0.0042,42.0,0.02,0.006979875,0.031970793946875,74.49225000000001,0.031678686178125,0.01,-1.0,0.001,0.01,True,True,False,HEM,0.0,0.077905208,-0.21622463,0.13832156,2.13800000001263e-06,0.99999426,0.99999426,0.1592088666172483,-1.617080186967901
8500000.0,3800000.0,3300000.0,280000.0,432000.0,0.01,0.01,0.00205454625,0.00141,3.0,35.0,0.0042,42.0,0.02,0.004595625,0.0421686507656249,59.65875000000001,0.012801228328125,0.01,-1.0,0.001,0.01,True,True,False,HEM,0.0,0.077438719,0.0068484305,-0.084286275,8.745000000115466e-07,0.98310972,0.98310972,0.0542348429875747,0.0515259226688682
8500000.0,3800000.0,3300000.0,280000.0,432000.0,0.01,0.01,0.00203381925,0.00141,3.0,35.0,0.0042,42.0,0.02,0.005156625,0.012286303640625,17.85525,0.007641989334375,0.01,-1.0,0.001,0.01,True,False,False,HEM,0.0,0.077565543,-0.017242468,-0.062447113,-0.0021240379999999,0.95032282,0.95032282,0.0539791846784438,-0.1295160158814909
8500000.0,3800000.0,3300000.0,280000.0,432000.0,0.01,0.01,0.00173673225,0.00141,3.0,35.0,0.0042,42.0,0.02,0.005352975,0.0285296170331249,56.96175000000001,0.013226532103125,0.01,-1.0,0.001,0.01,True,True,False,HEM,0.0,0.077702907,-0.017285243,-0.060420621,-2.956999999997878e-06,0.99059045,0.99059045,0.0383444021447935,-0.1296077906029485
8500000.0,3800000.0,3300000.0,280000.0,432000.0,0.01,0.01,0.00176091375,0.00141,3.0,35.0,0.0042,42.0,0.02,0.001846725,0.006060443600625,75.39124999999999,0.0148563024393749,0.01,-1.0,0.001,0.01,True,False,False,HEM,0.0,0.076731561,-0.0057454318,-0.070904579,8.155020000000235e-05,0.94199437,0.94199437,0.0635556853687312,-0.0436256112690485
8500000.0,3800000.0,3300000.0,280000.0,432000.0,0.01,0.01,0.00154328025,0.00141,3.0,35.0,0.0042,42.0,0.02,0.004820025,0.021355482264375,54.71425,0.040075495359375,0.01,-1.0,0.001,0.01,True,True,False,HEM,0.0,0.077643193,0.017419672,-0.095064872,-2.006999999998316e-06,0.99878703,0.99878703,0.0599575720325726,0.1307162171385054
8500000.0,3800000.0,3300000.0,280000.0,432000.0,0.01,0.01,0.00172636875,0.00141,3.0,35.0,0.0042,42.0,0.02,0.002379675,0.0100678694981249,62.80525000000001,0.007698308116875,0.01,-1.0,0.001,0.01,True,True,False,HEM,0.0,0.076919647,0.010572391,-0.087494649,-2.610999999999586e-06,0.8943013,0.8943013,0.0423912022219236,0.0800808766321329
8500000.0,3800000.0,3300000.0,280000.0,432000.0,0.01,0.01,0.00164691525,0.00141,3.0,35.0,0.0042,42.0,0.02,0.005801775,0.038166541704375,29.991750000000003,0.017464938238125,0.01,-1.0,0.001,0.01,True,True,False,HEM,0.0,0.077783438,-0.073825003,-0.0039619338,-3.4988000000039585e-06,0.99967304,0.99967304,0.0588752974950796,-0.5529797441369809
8500000.0,3800000.0,3300000.0,280000.0,432000.0,0.01,0.01,0.00185418525,0.00141,3.0,35.0,0.0042,42.0,0.02,0.004118775,0.0396447539156249,67.30025,0.0253583709506249,0.01,-1.0,0.001,0.01,True,True,False,HEM,0.0,0.07736218,0.023885058,-0.10122377,2.3467999999998712e-05,0.98930241,0.98930241,0.025121057040002,0.1798831507041459
8500000.0,3800000.0,3300000.0,280000.0,432000.0,0.01,0.01,0.00193709325,0.00141,3.0,35.0,0.0042,42.0,0.02,0.007007925,0.013896890473125,11.11275,0.068346715741875,0.01,-1.0,0.001,0.01,True,True,False,HEM,0.0,0.077912679,-0.22177446,0.14386191,1.2899999998761125e-07,0.99999998,0.99999998,0.1540907641627512,-1.6584266866622444
8500000.0,3800000.0,3300000.0,280000.0,432000.0,0.01,0.01,0.00209254575,0.00141,3.0,35.0,0.0042,42.0,0.02,0.005240775,0.016413452203125,47.07275,0.0226077862143749,0.01,-1.0,0.001,0.01,True,True,False,HEM,0.0,0.077563313,-0.031141465,-0.046422487,-6.390000000036644e-07,0.99931711,0.99931711,0.0495015492728803,-0.2339244263794573
8500000.0,3800000.0,3300000.0,280000.0,432000.0,0.01,0.01,0.00169873275,0.00141,3.0,35.0,0.0042,42.0,0.02,0.005689575,0.039133608046875,33.58775000000001,0.007153075929375,0.01,-1.0,0.001,0.01,True,True,False,HEM,0.0,0.077752555,-0.059239998,-0.018513379,-8.220000000010164e-07,0.99440258,0.99440258,0.039382703858733,-0.4439082852158741
8500000.0,3800000.0,3300000.0,280000.0,432000.0,0.01,0.01,0.00161582475,0.00141,3.0,35.0,0.0042,42.0,0.02,0.005212725,0.037155652209375,64.60325,0.006084944210625,0.01,-1.0,0.001,0.01,True,True,False,HEM,0.0,0.07768684,-0.010137081,-0.067550258,-4.990000000149042e-07,0.64172043,0.64172043,0.0771198769575979,-0.0760253354654475
8500000.0,3800000.0,3300000.0,280000.0,432000.0,0.01,0.01,0.00200618325,0.00141,3.0,35.0,0.0042,42.0,0.02,0.003389475,0.027884448193125,12.01175,0.011879177769375,0.01,-1.0,0.001,0.01,True,False,False,HEM,0.0,0.077145563,0.043444593,-0.12075192,-0.0001617639999999,0.98127244,0.98127244,0.0358008933594879,0.3281086387185276
8500000.0,3800000.0,3300000.0,280000.0,432000.0,0.01,0.01,0.00192672975,0.00141,3.0,35.0,0.0042,42.0,0.02,0.005942025,0.007034317745625,21.45125,0.008271744451875,0.01,-1.0,0.001,0.01,True,True,False,HEM,0.0,0.077767107,-0.10462471,0.026856729,-8.739999999944625e-07,0.82363915,0.82363915,0.3082840295750457,-0.7838468346549078
8500000.0,3800000.0,3300000.0,280000.0,432000.0,0.01,0.01,0.00209945475,0.00141,3.0,35.0,0.0042,42.0,0.02,0.0032492249999999,0.029327423619375,62.355750000000015,0.021173168559375,0.01,-1.0,0.001,0.01,True,False,False,HEM,0.0,0.077095325,0.016715478,-0.093248209,0.0005625939999999,0.98444874,0.98444874,0.0317791642330811,0.1263233521066648
8500000.0,3800000.0,3300000.0,280000.0,432000.0,0.01,0.01,0.00178164075,0.00141,3.0,35.0,0.0042,42.0,0.02,0.004259025,0.0407819744606249,38.981750000000005,0.035985460505625,0.01,-1.0,0.001,0.01,True,True,False,HEM,0.0,0.077431791,0.033844206,-0.11127999,-3.992999999993807e-06,0.99832887,0.99832887,0.0141064762973476,0.254658343653842
8500000.0,3800000.0,3300000.0,280000.0,432000.0,0.01,0.01,0.00143619075,0.00141,3.0,35.0,0.0042,42.0,0.02,0.006587175,0.038068766439375,15.15825,0.0112424962518749,0.01,-1.0,0.001,0.01,True,True,False,HEM,0.0,0.077157501,-0.17337618,0.096218258,-4.20999999986571e-07,0.98247248,0.98247248,0.206868699313858,-1.3091944681940078
8500000.0,3800000.0,3300000.0,280000.0,432000.0,0.01,0.01,0.00148455375,0.00141,3.0,35.0,0.0042,42.0,0.02,0.006446925,0.032749895480625,32.239250000000006,0.048965523586875,0.01,-1.0,0.001,0.01,True,True,False,HEM,0.0,0.077918929,-0.15215927,0.074239699,-6.420000000090242e-07,0.99999996,0.99999996,0.2335451039101053,-1.1377538829389588
8500000.0,3800000.0,3300000.0,280000.0,432000.0,0.01,0.01,0.00189563925,0.00141,3.0,35.0,0.0042,42.0,0.02,0.002211375,0.003832921003125,60.55775000000001,0.009042478228125,0.01,-1.0,0.001,0.01,True,True,False,HEM,0.0,0.076819809,0.0045879328,-0.081405444,2.2978000000090093e-06,0.66914763,0.66914763,0.0462032753028405,0.0347965919166375
8500000.0,3800000.0,3300000.0,280000.0,432000.0,0.01,0.01,0.00145346325,0.00141,3.0,35.0,0.0042,42.0,0.02,0.002239425,0.005783147105625,82.58324999999999,0.002312150326875,0.01,-1.0,0.001,0.01,True,True,False,HEM,0.0,0.077050727,0.0029856503,-0.080034452,1.92529999999691e-06,0.0,0.0,0.0510976472328559,0.0225764203618762
8500000.0,3800000.0,3300000.0,280000.0,432000.0,0.01,0.01,0.00186800325,0.00141,3.0,35.0,0.0042,42.0,0.02,0.006110325,0.002350183753125,3.471250000000001,0.055747397379375,0.01,-1.0,0.001,0.01,True,True,False,HEM,0.0,0.077801358,-0.12532884,0.047527251,-2.30999999996373e-07,0.99999999,0.99999999,0.2833289727359866,-0.9385485159102792
8500000.0,3800000.0,3300000.0,280000.0,432000.0,0.01,0.01,0.00195782025,0.00141,3.0,35.0,0.0042,42.0,0.02,0.003613875,0.0089715350343749,2.5722500000000004,0.020787822121875,0.01,-1.0,0.001,0.01,True,True,False,HEM,0.0,0.077213527,0.05019791,-0.12740169,9.747000000004393e-06,0.99926325,0.99926325,0.0394301220368694,0.3787783340350296
8500000.0,3800000.0,3300000.0,280000.0,432000.0,0.01,0.01,0.00144655425,0.00141,3.0,35.0,0.0042,42.0,0.02,0.004399275,0.018832086474375,61.456750000000014,0.035588485021875,0.01,-1.0,0.001,0.01,True,True,False,HEM,0.0,0.077682983,0.022050076,-0.099724175,8.884000000000669e-06,0.99842618,0.99842618,0.053429108944758,0.1653777509810968
8500000.0,3800000.0,3300000.0,280000.0,432000.0,0.01,0.01,0.00182654925,0.00141,3.0,35.0,0.0042,42.0,0.02,0.001790625,0.010169541328125,25.946250000000003,0.015370859296875,0.01,-1.0,0.001,0.01,True,False,False,HEM,0.0,0.076681835,-0.010791025,-0.064426883,0.001463927,0.98906961,0.98906961,0.0828084888984504,-0.0819904153531409
8500000.0,3800000.0,3300000.0,280000.0,432000.0,0.01,0.01,0.00155364375,0.00141,3.0,35.0,0.0042,42.0,0.02,0.001706475,0.014891170130625,23.249250000000004,0.003756250108125,0.01,-1.0,0.001,0.01,True,False,False,HEM,0.0,0.076737212,-0.019435134,-0.062423215,-0.0051211369999999,0.0051392312,0.0051392312,0.0848846637460265,-0.1475619574730932
8500000.0,3800000.0,3300000.0,280000.0,432000.0,0.01,0.01,0.00181618575,0.00141,3.0,35.0,0.0042,42.0,0.02,0.004174875,0.036639642346875,49.320250000000016,0.033397851909375,0.01,-1.0,0.001,0.01,True,True,False,HEM,0.0,0.077394267,0.03005249,-0.10743867,8.087000000003841e-06,0.99866894,0.99866894,0.0195915776586515,0.2262374800476738
8500000.0,3800000.0,3300000.0,280000.0,432000.0,0.01,0.01,0.00147764475,0.00141,3.0,35.0,0.0042,42.0,0.02,0.004707825,0.012392760834375,72.24475,0.0236946009206249,0.01,-1.0,0.001,0.01,True,True,False,HEM,0.0,0.077665946,0.015481333,-0.093148637,-1.3580000000068535e-06,0.99440732,0.99440732,0.0551558869649071,0.1161369992854096
8500000.0,3800000.0,3300000.0,280000.0,432000.0,0.01,0.01,0.00174709575,0.00141,3.0,35.0,0.0042,42.0,0.02,0.003641925,0.0077677707843749,61.007250000000006,0.034536647919375,0.01,-1.0,0.001,0.01,True,True,False,HEM,0.0,0.077271423,0.013888458,-0.091159616,2.649999999992936e-07,0.9965461,0.9965461,0.0211485150000934,0.1047196072008282
8500000.0,3800000.0,3300000.0,280000.0,432000.0,0.01,0.01,0.00196818375,0.00141,3.0,35.0,0.0042,42.0,0.02,0.004034625,0.017674179140625,7.0672500000000005,0.0186741609468749,0.01,-1.0,0.001,0.01,True,False,False,HEM,0.0,0.077310068,0.051753182,-0.12915312,-8.987000000001966e-05,0.99769236,0.99769236,0.0333101401458564,0.3900262943077596
8500000.0,3800000.0,3300000.0,280000.0,432000.0,0.01,0.01,0.00189909375,0.00141,3.0,35.0,0.0042,42.0,0.02,0.0054932249999999,0.0084237232068749,19.653250000000003,0.036289754986875,0.01,-1.0,0.001,0.01,True,True,False,HEM,0.0,0.077684653,-0.052608077,-0.025076374,2.0200000000469842e-07,0.99998361,0.99998361,0.0418224356246169,-0.3945572989374779
8500000.0,3800000.0,3300000.0,280000.0,432000.0,0.01,0.01,0.00144309975,0.00141,3.0,35.0,0.0042,42.0,0.02,0.005184675,0.014424932401875,40.77975000000001,0.039844616225625,0.01,-1.0,0.001,0.01,True,True,False,HEM,0.0,0.077794672,-0.012620564,-0.065172864,1.2439999999974694e-06,0.99989104,0.99989104,0.0683891692960734,-0.0945195824206813
8500000.0,3800000.0,3300000.0,280000.0,432000.0,0.01,0.01,0.00187491225,0.00141,3.0,35.0,0.0042,42.0,0.02,0.003950475,0.0285531444431249,6.1682500000000005,0.004789062080625,0.01,-1.0,0.001,0.01,True,True,False,HEM,0.0,0.077312993,0.03477435,-0.11211493,-2.7586999999995587e-05,0.15809075,0.15809075,0.0284612789640903,0.2620592051475773
8500000.0,3800000.0,3300000.0,280000.0,432000.0,0.01,0.01,0.00156400725,0.00141,3.0,35.0,0.0042,42.0,0.02,0.002463825,0.001562988984375,66.40125,0.015058467230625,0.01,-1.0,0.001,0.01,True,True,False,HEM,0.0,0.076991777,0.0077312562,-0.08472306,-2.680000001087368e-08,0.92079043,0.92079043,0.0619687383818738,0.0585057574906203
8500000.0,3800000.0,3300000.0,280000.0,432000.0,0.01,0.01,0.00190600275,0.00141,3.0,35.0,0.0042,42.0,0.02,0.003361425,0.004315145308125,76.73975,0.005434835975625,0.01,-1.0,0.001,0.01,True,True,False,HEM,0.0,0.077160261,0.017619682,-0.094777206,2.736999999988776e-06,0.41150695,0.41150695,0.0394621243515508,0.1330446032711827
8500000.0,3800000.0,3300000.0,280000.0,432000.0,0.01,0.01,0.00196127475,0.00141,3.0,35.0,0.0042,42.0,0.02,0.005409075,0.000999732286875,22.799750000000003,0.007772976001875,0.01,-1.0,0.001,0.01,True,True,False,HEM,0.0,0.077641012,-0.13067886,0.053036701,-1.1470000000138314e-06,0.51323307,0.51323307,0.0534446393734669,-0.9806341980668714
8500000.0,3800000.0,3300000.0,280000.0,432000.0,0.01,0.01,0.00165382425,0.00141,3.0,35.0,0.0042,42.0,0.02,0.004679775,0.018864056030625,41.67875000000001,0.013245986143125,0.01,-1.0,0.001,0.01,True,True,False,HEM,0.0,0.077607943,0.030983428,-0.10859209,-7.190000000101282e-07,0.98358534,0.98358534,0.0442702829268132,0.232603464254054
8500000.0,3800000.0,3300000.0,280000.0,432000.0,0.01,0.01,0.00187145775,0.00141,3.0,35.0,0.0042,42.0,0.02,0.003585825,0.004782325156875,44.82525,0.004830554503125,0.01,-1.0,0.001,0.01,True,True,False,HEM,0.0,0.077228537,0.021843617,-0.099070655,1.4990000000020265e-06,0.27511286,0.27511286,0.0294317739035338,0.1647933302074546
8500000.0,3800000.0,3300000.0,280000.0,432000.0,0.01,0.01,0.00204418275,0.00141,3.0,35.0,0.0042,42.0,0.02,0.0069518249999999,0.0689973845118749,5.26925,0.0334262863518749,0.01,-1.0,0.001,0.01,True,True,False,HEM,0.0,0.077894772,-0.21558919,0.13769449,7.199999998985795e-08,0.99999995,0.99999995,0.1533162825871036,-1.6125439313890255
8500000.0,3800000.0,3300000.0,280000.0,432000.0,0.01,0.01,0.00206145525,0.00141,3.0,35.0,0.0042,42.0,0.02,0.002183325,0.021778721458125,6.617750000000001,0.012362695730625,0.01,-1.0,0.001,0.01,True,False,False,HEM,0.0,0.076782962,-0.0026351737,-0.075023667,-0.0008758787,0.99773806,0.99773806,0.0884381741946368,-0.0199957303132184
8500000.0,3800000.0,3300000.0,280000.0,432000.0,0.01,0.01,0.00151909875,0.00141,3.0,35.0,0.0042,42.0,0.02,0.005913975,0.041563268450625,60.108250000000005,0.030031017200625,0.01,-1.0,0.001,0.01,True,True,False,HEM,0.0,0.077844315,-0.088146402,0.010294462,-7.625000000000687e-06,0.99999998,0.99999998,0.3774114766172217,-0.6597365927991583
8500000.0,3800000.0,3300000.0,280000.0,432000.0,0.01,0.01,0.00207872775,0.00141,3.0,35.0,0.0042,42.0,0.02,0.007035975,0.033633543594375,16.506750000000004,0.041737579599375,0.01,-1.0,0.001,0.01,True,True,False,HEM,0.0,0.077899751,-0.23187612,0.1539765,1.3099999998655856e-07,1.0,1.0,0.1406396480886488,-1.7342545397350575
8500000.0,3800000.0,3300000.0,280000.0,432000.0,0.01,0.01,0.00156746175,0.00141,3.0,35.0,0.0042,42.0,0.02,0.003333375,0.020762842865625,58.75975000000001,0.029512952240625,0.01,-1.0,0.001,0.01,True,True,False,HEM,0.0,0.077256485,0.027188136,-0.10444418,4.4100000000379946e-07,0.99832194,0.99832194,0.0542920479908618,0.2050394242548924
8500000.0,3800000.0,3300000.0,280000.0,432000.0,0.01,0.01,0.00191982075,0.00141,3.0,35.0,0.0042,42.0,0.02,0.006390825,0.033103355105625,81.68424999999999,0.040495941924375,0.01,-1.0,0.001,0.01,True,True,False,HEM,0.0,0.0778373,-0.14221063,0.064372558,-7.720000000099869e-07,0.99999998,0.99999998,0.2458168131666587,-1.0644792065289506
8500000.0,3800000.0,3300000.0,280000.0,432000.0,0.01,0.01,0.00168491475,0.00141,3.0,35.0,0.0042,42.0,0.02,0.0058298249999999,0.022335079794375,67.74974999999999,0.0225283384931249,0.01,-1.0,0.001,0.01,True,True,False,HEM,0.0,0.077769011,-0.077788448,9.7302412e-06,-9.70675879999715e-06,0.99999998,0.99999998,0.3160513882169977,-0.5827756743137871
8500000.0,3800000.0,3300000.0,280000.0,432000.0,0.01,0.01,0.00194745675,0.00141,3.0,35.0,0.0042,42.0,0.02,0.0063066749999999,0.025737067674375,0.32475,0.0337260482306249,0.01,-1.0,0.001,0.01,True,False,False,HEM,0.0,0.077829663,-0.18209778,-0.81159107,-0.915859187,0.96870362,0.96870362,0.3405550362471614,-1.3631774274367812
8500000.0,3800000.0,3300000.0,280000.0,432000.0,0.01,0.01,0.00191291175,0.00141,3.0,35.0,0.0042,42.0,0.02,0.006559125,0.009075369328125,78.98724999999999,0.013848116634375,0.01,-1.0,0.001,0.01,True,True,False,HEM,0.0,0.077856224,-0.17878209,0.10092533,-5.360000000093068e-07,0.99817467,0.99817467,0.1043119920024575,-1.337899705176146
8500000.0,3800000.0,3300000.0,280000.0,432000.0,0.01,0.01,0.00186109425,0.00141,3.0,35.0,0.0042,42.0,0.02,0.0064188749999999,0.0034307282156249,65.50225,0.043558967165625,0.01,-1.0,0.001,0.01,True,True,False,HEM,0.0,0.077841931,-0.21680623,0.13896718,2.881000000010125e-06,0.99999996,0.99999996,0.1061372697678943,-1.6227478472890324
8500000.0,3800000.0,3300000.0,280000.0,432000.0,0.01,0.01,0.00181273125,0.00141,3.0,35.0,0.0042,42.0,0.02,0.005072475,0.013859396630625,73.14375,0.010937397406875,0.01,-1.0,0.001,0.01,True,True,False,HEM,0.0,0.07762961,0.003321825,-0.080951558,-1.2300000000464717e-07,0.95536827,0.95536827,0.0321435346985925,0.024931145297241
8500000.0,3800000.0,3300000.0,280000.0,432000.0,0.01,0.01,0.00208563675,0.00141,3.0,35.0,0.0042,42.0,0.02,0.006727425,0.000571326568125,5.71875,0.052910356696875,0.01,-1.0,0.001,0.01,True,True,False,HEM,0.0,0.077853372,-0.22245097,0.14460669,9.092000000016087e-06,0.99999999,0.99999999,0.1482873545535075,-1.664752827176665
8500000.0,3800000.0,3300000.0,280000.0,432000.0,0.01,0.01,0.00202345575,0.00141,3.0,35.0,0.0042,42.0,0.02,0.004735875,0.045821129784375,22.350250000000003,0.0144691636968749,0.01,-1.0,0.001,0.01,True,False,False,HEM,0.0,0.077475769,0.011878424,-0.089505815,-0.000151622,0.99551223,0.99551223,0.0481684507126501,0.0893276301926217
8500000.0,3800000.0,3300000.0,280000.0,432000.0,0.01,0.01,0.00160200675,0.00141,3.0,35.0,0.0042,42.0,0.02,0.002519925,0.0014727071681249,52.01725,0.012569574894375,0.01,-1.0,0.001,0.01,True,True,False,HEM,0.0,0.077000546,0.0088033764,-0.085803952,-2.9599999992746543e-08,0.87695226,0.87695226,0.0602289894870251,0.0666113677461709
8500000.0,3800000.0,3300000.0,280000.0,432000.0,0.01,0.01,0.00179545875,0.00141,3.0,35.0,0.0042,42.0,0.02,0.006334725,0.001803654575625,14.25925,0.035015034069375,0.01,-1.0,0.001,0.01,True,True,False,HEM,0.0,0.077841347,-0.18545471,0.10761421,8.470000000121436e-07,0.99993308,0.99993308,0.1912853526952435,-1.3880988994320849
8500000.0,3800000.0,3300000.0,280000.0,432000.0,0.01,0.01,0.00208909125,0.00141,3.0,35.0,0.0042,42.0,0.02,0.005857875,0.034146578503125,48.87075,0.054760733521875,0.01,-1.0,0.001,0.01,True,True,False,HEM,0.0,0.077686817,-0.098541568,0.020855663,9.120000000091556e-07,0.99999997,0.99999997,0.3398264233491451,-0.7390350321236229
8500000.0,3800000.0,3300000.0,280000.0,432000.0,0.01,0.01,0.00203727375,0.00141,3.0,35.0,0.0042,42.0,0.02,0.002856525,0.020503636558125,57.86075000000001,0.013349755348125,0.01,-1.0,0.001,0.01,True,True,False,HEM,0.0,0.076983849,0.014308693,-0.091306675,-1.4133000000013383e-05,0.93676729,0.93676729,0.0402116220079382,0.1082912158114647
8500000.0,3800000.0,3300000.0,280000.0,432000.0,0.01,0.01,0.00184727625,0.00141,3.0,35.0,0.0042,42.0,0.02,0.003529725,0.033269687716875,38.08275,0.012053393173125,0.01,-1.0,0.001,0.01,True,False,False,HEM,0.0,0.077212615,0.036377326,-0.11352767,6.227100000000263e-05,0.96887296,0.96887296,0.0268272544393761,0.274495605284849
8500000.0,3800000.0,3300000.0,280000.0,432000.0,0.01,0.01,0.00210290925,0.00141,3.0,35.0,0.0042,42.0,0.02,0.0031931249999999,0.0166993252968749,3.0217500000000004,0.029706519984375,0.01,-1.0,0.001,0.01,True,True,False,HEM,0.0,0.0770855,0.03732276,-0.11441675,-8.489999999986009e-06,0.99988099,0.99988099,0.0447956598280163,0.2820940611990494
8500000.0,3800000.0,3300000.0,280000.0,432000.0,0.01,0.01,0.00169182375,0.00141,3.0,35.0,0.0042,42.0,0.02,0.0068396249999999,0.0586595308406249,18.754250000000003,0.0608639419781249,0.01,-1.0,0.001,0.01,True,True,False,HEM,0.0,0.077925602,-0.19218484,0.11425873,-5.079999999962892e-07,0.99999997,0.99999997,0.1865221009352525,-1.4369175373303296
8500000.0,3800000.0,3300000.0,280000.0,432000.0,0.01,0.01,0.00188873025,0.00141,3.0,35.0,0.0042,42.0,0.02,0.002071125,0.0123833081531249,14.70875,0.005582976328125,0.01,-1.0,0.001,0.01,True,False,False,HEM,0.0,0.076764601,-0.0010216292,-0.077109808,-0.0013668361999999,0.17916038,0.17916038,0.1034693906398696,-0.0077539890836251
8500000.0,3800000.0,3300000.0,280000.0,432000.0,0.01,0.01,0.00169527825,0.00141,3.0,35.0,0.0042,42.0,0.02,0.003445575,0.0276575443856249,52.91625,0.021678265809375,0.01,-1.0,0.001,0.01,True,False,False,HEM,0.0,0.077241048,0.03068935,-0.10798782,-5.742199999998754e-05,0.9883831,0.9883831,0.0380508103318667,0.2314900972573288
8500000.0,3800000.0,3300000.0,280000.0,432000.0,0.01,0.01,0.00183000375,0.00141,3.0,35.0,0.0042,42.0,0.02,0.0049041749999999,0.0107049557943749,77.63875,0.0343823126943749,0.01,-1.0,0.001,0.01,True,True,False,HEM,0.0,0.077587348,-0.0037560541,-0.073831306,-1.2100000001957769e-08,0.99675492,0.99675492,0.0425503091482804,-0.0282055008658644
8500000.0,3800000.0,3300000.0,280000.0,432000.0,0.01,0.01,0.00149491725,0.00141,3.0,35.0,0.0042,42.0,0.02,0.002604075,0.018171300451875,46.17375,0.011584683350625,0.01,-1.0,0.001,0.01,True,False,False,HEM,0.0,0.077072943,0.015292875,-0.091056755,0.0013090629999999,0.9379865,0.9379865,0.058446146440152,0.1156059217821786
8500000.0,3800000.0,3300000.0,280000.0,432000.0,0.01,0.01,0.00170564175,0.00141,3.0,35.0,0.0042,42.0,0.02,0.0037260749999999,0.007761134769375,71.79525000000001,0.026625320975625,0.01,-1.0,0.001,0.01,True,True,False,HEM,0.0,0.077308764,0.012264044,-0.089572338,4.7000000000241293e-07,0.98522231,0.98522231,0.0296339509554458,0.0924267867531091
8500000.0,3800000.0,3300000.0,280000.0,432000.0,0.01,0.01,0.00160546125,0.00141,3.0,35.0,0.0042,42.0,0.02,0.003894375,0.024451709671875,89.77525,0.020125643203125,0.01,-1.0,0.001,0.01,True,True,False,HEM,0.0,0.077418356,0.024643324,-0.10206093,7.499999999938112e-07,0.97698268,0.97698268,0.0538881742091462,0.1854591338247955
8500000.0,3800000.0,3300000.0,280000.0,432000.0,0.01,0.01,0.00190945725,0.00141,3.0,35.0,0.0042,42.0,0.02,0.006783525,0.005319809893125,10.66325,0.025603906348125,0.01,-1.0,0.001,0.01,True,True,False,HEM,0.0,0.07788805,-0.19937116,0.12148276,-3.499999999961867e-07,0.99862267,0.99862267,0.1719640300596368,-1.491366520871326
8500000.0,3800000.0,3300000.0,280000.0,432000.0,0.01,0.01,0.00168146025,0.00141,3.0,35.0,0.0042,42.0,0.02,0.001622325,0.007511973121875,12.910750000000002,0.006342114564375,0.01,-1.0,0.001,0.01,True,False,False,HEM,0.0,0.076673782,-0.017730252,-0.061053146,-0.002109616,0.53372875,0.53372875,0.1190112217979706,-0.1347289444826742
8500000.0,3800000.0,3300000.0,280000.0,432000.0,0.01,0.01,0.00177127725,0.00141,3.0,35.0,0.0042,42.0,0.02,0.006166425,0.0553499849606249,83.93175000000001,0.0160680077831249,0.01,-1.0,0.001,0.01,True,True,False,HEM,0.0,0.077817121,-0.11405961,0.036241535,-9.540000000043958e-07,0.99799667,0.99799667,0.3168333687871747,-0.8539837522260812
8500000.0,3800000.0,3300000.0,280000.0,432000.0,0.01,0.01,0.00148109925,0.00141,3.0,35.0,0.0042,42.0,0.02,0.005044425,0.003703995166875,17.40575,0.028789920691875,0.01,-1.0,0.001,0.01,True,True,False,HEM,0.0,0.077724527,-0.02572103,-0.052002889,6.080000000061037e-07,0.9999856,0.9999856,0.0597752982298403,-0.1928071579412164
8500000.0,3800000.0,3300000.0,280000.0,432000.0,0.01,0.01,0.00146037225,0.00141,3.0,35.0,0.0042,42.0,0.02,0.004511475,0.014580072118125,87.52775,0.022300784859375,0.01,-1.0,0.001,0.01,True,True,False,HEM,0.0,0.077633947,0.015020178,-0.092652727,1.3979999999857997e-06,0.9850422,0.9850422,0.0572130484727395,0.1127239756540749
8500000.0,3800000.0,3300000.0,280000.0,432000.0,0.01,0.01,0.00181964025,0.00141,3.0,35.0,0.0042,42.0,0.02,0.003277275,0.023196306654375,65.95174999999999,0.027837747373125,0.01,-1.0,0.001,0.01,True,True,False,HEM,0.0,0.077160574,0.027524776,-0.1047184,-3.3050000000006685e-05,0.98551691,0.98551691,0.0242411376369406,0.207836216802377
8500000.0,3800000.0,3300000.0,280000.0,432000.0,0.01,0.01,0.00159855225,0.00141,3.0,35.0,0.0042,42.0,0.02,0.0028004249999999,0.0094699871906249,83.03275000000001,0.0188780149781249,0.01,-1.0,0.001,0.01,True,True,False,HEM,0.0,0.077077613,0.015686934,-0.092764991,-4.440000000022204e-07,0.96108943,0.96108943,0.0584190420768266,0.1185776113393345
8500000.0,3800000.0,3300000.0,280000.0,432000.0,0.01,0.01,0.00171945975,0.00141,3.0,35.0,0.0042,42.0,0.02,0.006503025,0.053823749593125,79.88624999999999,0.027760600846875,0.01,-1.0,0.001,0.01,True,True,False,HEM,0.0,0.077873919,-0.15008187,0.072207226,-7.250000000069701e-07,0.99999765,0.99999765,0.250372814038258,-1.1228689844868889
8500000.0,3800000.0,3300000.0,280000.0,432000.0,0.01,0.01,0.00158818875,0.00141,3.0,35.0,0.0042,42.0,0.02,0.004539525,0.027822181284375,25.047250000000005,0.028152885680625,0.01,-1.0,0.001,0.01,True,True,False,HEM,0.0,0.077582017,0.041057077,-0.11865733,-1.8236000000004804e-05,0.99863882,0.99863882,0.045422480383902,0.308332884384275
8500000.0,3800000.0,3300000.0,280000.0,432000.0,0.01,0.01,0.00142582725,0.00141,3.0,35.0,0.0042,42.0,0.02,0.006671325,0.052550860940625,51.56775,0.049170500563125,0.01,-1.0,0.001,0.01,True,True,False,HEM,0.0,0.076476491,-0.18382861,0.10735147,-6.490000000053397e-07,0.99999997,0.99999997,0.1925194933846792,-1.400483625310447
8500000.0,3800000.0,3300000.0,280000.0,432000.0,0.01,0.01,0.00180927675,0.00141,3.0,35.0,0.0042,42.0,0.02,0.002996775,0.029294149899375,18.30475,0.003228800304375,0.01,-1.0,0.001,0.01,True,True,False,HEM,0.0,0.077077522,0.023235809,-0.10034506,-3.172900000000811e-05,0.0069983775,0.0069983775,0.0174160984982162,0.1756398019958975
8500000.0,3800000.0,3300000.0,280000.0,432000.0,0.01,0.01,0.00192327525,0.00141,3.0,35.0,0.0042,42.0,0.02,0.005577375,0.0547986854156249,84.83075000000001,0.006259906265625,0.01,-1.0,0.001,0.01,True,True,False,HEM,0.0,0.077695596,-0.053511089,-0.02418523,-7.229999999906755e-07,0.97990287,0.97990287,0.0450113544225867,-0.4012733075481066
8500000.0,3800000.0,3300000.0,280000.0,432000.0,0.01,0.01,0.00205109175,0.00141,3.0,35.0,0.0042,42.0,0.02,0.0052968749999999,0.035109673828125,30.441250000000004,0.0511830410156249,0.01,-1.0,0.001,0.01,True,True,False,HEM,0.0,0.077591939,-0.032257751,-0.045334683,-4.950000000031318e-07,0.99998453,0.99998453,0.0534810419922353,-0.2422202037827324
8500000.0,3800000.0,3300000.0,280000.0,432000.0,0.01,0.01,0.00207527325,0.00141,3.0,35.0,0.0042,42.0,0.02,0.005661525,0.0137720841768749,41.22925000000001,0.035365706679375,0.01,-1.0,0.001,0.01,True,True,False,HEM,0.0,0.077651428,-0.077878458,0.00022840343,1.373429999996942e-06,0.99999996,0.99999996,0.2702019502970029,-0.5843334955487952
8500000.0,3800000.0,3300000.0,280000.0,432000.0,0.01,0.01,0.00150528075,0.00141,3.0,35.0,0.0042,42.0,0.02,0.004988325,0.026336984210625,88.42675,0.038559876958125,0.01,-1.0,0.001,0.01,True,True,False,HEM,0.0,0.077683933,-0.00051619264,-0.077158917,8.823360000007052e-06,0.9964808,0.9964808,0.1464557952647379,-0.0038714485121216
8500000.0,3800000.0,3300000.0,280000.0,432000.0,0.01,0.01,0.00198200175,0.00141,3.0,35.0,0.0042,42.0,0.02,0.003473625,0.009837913884375,89.32575,0.027631905309375,0.01,-1.0,0.001,0.01,True,False,False,HEM,0.0,0.077167783,0.017784529,-0.095092052,-0.0001397399999999,0.98293994,0.98293994,0.05918967916195,0.1342762578771046
8500000.0,3800000.0,3300000.0,280000.0,432000.0,0.01,0.01,0.00170218725,0.00141,3.0,35.0,0.0042,42.0,0.02,0.005717625,0.046466423671875,81.23475,0.019010674303125,0.01,-1.0,0.001,0.01,True,True,False,HEM,0.0,0.077758341,-0.063199824,-0.014559323,-8.060000000077033e-07,0.99967518,0.99967518,0.0357175452199763,-0.4735455583592805
8500000.0,3800000.0,3300000.0,280000.0,432000.0,0.01,0.01,0.00198545625,0.00141,3.0,35.0,0.0042,42.0,0.02,0.004623675,0.025104590188125,2.1227500000000004,0.032000107899375,0.01,-1.0,0.001,0.01,True,True,False,HEM,0.0,0.077462434,0.025370003,-0.1028434,-1.096300000000272e-05,0.99980969,0.99980969,0.0395560691767525,0.1908192850288484
8500000.0,3800000.0,3300000.0,280000.0,432000.0,0.01,0.01,0.0015743707499999,0.00141,3.0,35.0,0.0042,42.0,0.02,0.0044273249999999,0.0437203877906249,4.81975,0.024670936513125,0.01,-1.0,0.001,0.01,True,True,False,HEM,0.0,0.077563461,0.040330067,-0.11794055,-4.702200000000767e-05,0.99950993,0.99950993,0.0446166804194771,0.3029455996147022
8500000.0,3800000.0,3300000.0,280000.0,432000.0,0.01,0.01,0.00194054775,0.00141,3.0,35.0,0.0042,42.0,0.02,0.004146825,0.0061519185581249,34.03725,0.0372742548656249,0.01,-1.0,0.001,0.01,True,True,False,HEM,0.0,0.077353093,0.0060908502,-0.083438364,5.579199999994344e-06,0.99842968,0.99842968,0.0571131792742253,0.0458768002210503
8500000.0,3800000.0,3300000.0,280000.0,432000.0,0.01,0.01,0.00200272875,0.00141,3.0,35.0,0.0042,42.0,0.02,0.0038663249999999,0.017323165820625,68.64874999999999,0.0060773796093749,0.01,-1.0,0.001,0.01,True,True,False,HEM,0.0,0.077265082,0.033234688,-0.11050026,-4.900000000057636e-07,0.90327618,0.90327618,0.0365432779193167,0.2506116299164041
8500000.0,3800000.0,3300000.0,280000.0,432000.0,0.01,0.01,0.00183345825,0.00141,3.0,35.0,0.0042,42.0,0.02,0.0062505749999999,0.009897316719375,11.56225,0.012634756040625,0.01,-1.0,0.001,0.01,True,True,False,HEM,0.0,0.077822625,-0.125764,0.047940498,-8.769999999824751e-07,0.97933731,0.97933731,0.2755258406763417,-0.9415499205011336
8500000.0,3800000.0,3300000.0,280000.0,432000.0,0.01,0.01,0.00175400475,0.00141,3.0,35.0,0.0042,42.0,0.02,0.006643275,0.002887001233125,44.37575,0.048366529719375,0.01,-1.0,0.001,0.01,True,True,False,HEM,0.0,0.077889987,-0.24369351,0.16580218,-1.343000000014749e-06,0.99999998,0.99999998,0.1108218234529812,-1.822867981930134
8500000.0,3800000.0,3300000.0,280000.0,432000.0,0.01,0.01,0.00142928175,0.00141,3.0,35.0,0.0042,42.0,0.02,0.005268825,0.039924126275625,8.86525,0.037886144765625,0.01,-1.0,0.001,0.01,True,True,False,HEM,0.0,0.077075547,-0.025397452,-0.051677869,2.259999999920659e-07,0.9999975,0.9999975,0.0602660068029243,-0.191984610694825
8500000.0,3800000.0,3300000.0,280000.0,432000.0,0.01,0.01,0.00174364125,0.00141,3.0,35.0,0.0042,42.0,0.02,0.003417525,0.025042512504375,1.22375,0.032715881386875,0.01,-1.0,0.001,0.01,True,False,False,HEM,0.0,0.077206404,0.047724809,-0.12519654,-0.0002653269999999,0.99972525,0.99972525,0.0243325631016541,0.3601502816725985
8500000.0,3800000.0,3300000.0,280000.0,432000.0,0.01,0.01,0.00197854725,0.00141,3.0,35.0,0.0042,42.0,0.02,0.001762575,0.006576652033125,80.33575,0.002295181100625,0.01,-1.0,0.001,0.01,True,True,False,HEM,0.0,0.076652685,-0.018028042,-0.05860216,2.248299999999676e-05,0.0,0.0,0.0516026607624309,-0.1370295003074748
8500000.0,3800000.0,3300000.0,280000.0,432000.0,0.01,0.01,0.00176436825,0.00141,3.0,35.0,0.0042,42.0,0.02,0.004876125,0.030859410384375,58.31025,0.031555477228125,0.01,-1.0,0.001,0.01,True,True,False,HEM,0.0,0.077602505,0.013904757,-0.091510656,-3.393999999989905e-06,0.99912812,0.99912812,0.0215410739190721,0.1043952041457202
8500000.0,3800000.0,3300000.0,280000.0,432000.0,0.01,0.01,0.00165727875,0.00141,3.0,35.0,0.0042,42.0,0.02,0.003108975,0.015948653128125,26.845250000000004,0.029901888376875,0.01,-1.0,0.001,0.01,True,False,False,HEM,0.0,0.077155454,0.031882738,-0.10911055,-7.23579999999946e-05,0.99950206,0.99950206,0.0569743303009686,0.2407586303779575
8500000.0,3800000.0,3300000.0,280000.0,432000.0,0.01,0.01,0.00161237025,0.00141,3.0,35.0,0.0042,42.0,0.02,0.002351625,0.017114480053125,12.46125,0.015746892534375,0.01,-1.0,0.001,0.01,True,False,False,HEM,0.0,0.076948374,0.0080061922,-0.077739498,0.0072150681999999,0.99509359,0.99509359,0.1104986362292621,0.0606204909677781
8500000.0,3800000.0,3300000.0,280000.0,432000.0,0.01,0.01,0.0015156442499999,0.00141,3.0,35.0,0.0042,42.0,0.02,0.006082275,0.011757493745625,33.138250000000006,0.019949709943125,0.01,-1.0,0.001,0.01,True,True,False,HEM,0.0,0.077873926,-0.10670233,0.028827521,-8.830000000036031e-07,0.99976953,0.99976953,0.3037962321179631,-0.7983157869744835
8500000.0,3800000.0,3300000.0,280000.0,432000.0,0.01,0.01,0.00173327775,0.00141,3.0,35.0,0.0042,42.0,0.02,0.002435775,0.008601878518125,47.97175,0.013135221159375,0.01,-1.0,0.001,0.01,True,True,False,HEM,0.0,0.07694213,0.012610081,-0.089552098,1.1299999999603297e-07,0.93548978,0.93548978,0.0406247163775081,0.0954875073138113
8500000.0,3800000.0,3300000.0,280000.0,432000.0,0.01,0.01,0.00182309475,0.00141,3.0,35.0,0.0042,42.0,0.02,0.002744325,0.018738731356875,59.20925,0.025901282390625,0.01,-1.0,0.001,0.01,True,True,False,HEM,0.0,0.077013988,0.018304208,-0.095297394,2.08020000000142e-05,0.98178467,0.98178467,0.0323481382230239,0.1384759056350078
8500000.0,3800000.0,3300000.0,280000.0,432000.0,0.01,0.01,0.00149146275,0.00141,3.0,35.0,0.0042,42.0,0.02,0.0047919749999999,0.023864155299375,43.47675,0.0088247813606249,0.01,-1.0,0.001,0.01,True,True,False,HEM,0.0,0.077645774,0.019569113,-0.097217243,-2.3559999999950287e-06,0.96612332,0.96612332,0.0513083009327606,0.1468406175723223
8500000.0,3800000.0,3300000.0,280000.0,432000.0,0.01,0.01,0.00143273625,0.00141,3.0,35.0,0.0042,42.0,0.02,0.0038102249999999,0.005462243304375,87.97725,0.007873163173125,0.01,-1.0,0.001,0.01,True,True,False,HEM,0.0,0.077191005,0.031409802,-0.10859778,3.0269999999887887e-06,0.62718339,0.62718339,0.0422417502760338,0.2370780728012681
8500000.0,3800000.0,3300000.0,280000.0,432000.0,0.01,0.01,0.00179200425,0.00141,3.0,35.0,0.0042,42.0,0.02,0.002407725,0.021251002201875,74.94175,0.023914909141875,0.01,-1.0,0.001,0.01,True,False,False,HEM,0.0,0.076905238,0.01111551,-0.087822122,0.0001986259999999,0.98230591,0.98230591,0.1807059258314389,0.0842105217262522
8500000.0,3800000.0,3300000.0,280000.0,432000.0,0.01,0.01,0.00153291675,0.00141,3.0,35.0,0.0042,42.0,0.02,0.002884575,0.027476947048125,7.51675,0.020482573816875,0.01,-1.0,0.001,0.01,True,False,False,HEM,0.0,0.077143956,0.025074869,-0.10231877,-9.994500000000406e-05,0.99934395,0.99934395,0.0870030520905211,0.1893780548858799
8500000.0,3800000.0,3300000.0,280000.0,432000.0,0.01,0.01,0.00199236525,0.00141,3.0,35.0,0.0042,42.0,0.02,0.002015025,0.003291291459375,31.340250000000005,0.009507643584375,0.01,-1.0,0.001,0.01,True,False,False,HEM,0.0,0.076723429,-0.0052635465,-0.071385325,7.455750000000261e-05,0.94920698,0.94920698,0.0982275320551303,-0.0399708463610941
8500000.0,3800000.0,3300000.0,280000.0,432000.0,0.01,0.01,0.00149837175,0.00141,3.0,35.0,0.0042,42.0,0.02,0.005745675,0.019716714688125,27.294750000000004,0.036666168654375,0.01,-1.0,0.001,0.01,True,True,False,HEM,0.0,0.077823275,-0.073696848,-0.0041306502,-4.2231999999977135e-06,0.99953745,0.99953745,0.0600597729345583,-0.5517372365592237
8500000.0,3800000.0,3300000.0,280000.0,432000.0,0.01,0.01,0.00170909625,0.00141,3.0,35.0,0.0042,42.0,0.02,0.002127225,0.006555947908125,38.532250000000005,0.006594769764375,0.01,-1.0,0.001,0.01,True,False,False,HEM,0.0,0.076845316,0.003382099,-0.080794738,-0.000567323,0.49446892,0.49446892,0.0724840359290957,0.0256425847774857
8500000.0,3800000.0,3300000.0,280000.0,432000.0,0.01,0.01,0.00171600525,0.00141,3.0,35.0,0.0042,42.0,0.02,0.003922425,0.023060426878125,16.956250000000004,0.030496756314375,0.01,-1.0,0.001,0.01,True,False,False,HEM,0.0,0.077367098,0.05594019,-0.13346814,-0.000160852,0.99993319,0.99993319,0.0227785510178452,0.4212699827628418
8500000.0,3800000.0,3300000.0,280000.0,432000.0,0.01,0.01,0.00145000875,0.00141,3.0,35.0,0.0042,42.0,0.02,0.002912625,0.006794207521875,25.49675000000001,0.027751563815625,0.01,-1.0,0.001,0.01,True,False,False,HEM,0.0,0.077263894,0.03068665,-0.10800923,-5.868600000000224e-05,0.99864078,0.99864078,0.0686898696300349,0.2314012883252608
8500000.0,3800000.0,3300000.0,280000.0,432000.0,0.01,0.01,0.00162618825,0.00141,3.0,35.0,0.0042,42.0,0.02,0.005521275,0.051489616235625,15.60775,0.048139582629375,0.01,-1.0,0.001,0.01,True,True,False,HEM,0.0,0.077737622,-0.03826965,-0.039468948,-9.75999999992816e-07,0.9999944,0.9999944,0.0637351054401378,-0.2868244198211953
8500000.0,3800000.0,3300000.0,280000.0,432000.0,0.01,0.01,0.00171255075,0.00141,3.0,35.0,0.0042,42.0,0.02,0.004763925,0.0084951501581249,21.90075,0.023334538336875,0.01,-1.0,0.001,0.01,True,True,False,HEM,0.0,0.077603687,0.0053127475,-0.082919681,-3.246499999984276e-06,0.9984785,0.9984785,0.0436716381449402,0.0398868467969577
8500000.0,3800000.0,3300000.0,280000.0,432000.0,0.01,0.01,0.00197509275,0.00141,3.0,35.0,0.0042,42.0,0.02,0.004567575,0.041683118503125,82.13375,0.010669969389375,0.01,-1.0,0.001,0.01,True,True,False,HEM,0.0,0.077447018,0.0099031486,-0.087350918,-7.513999999986254e-07,0.867167,0.867167,0.0537655113004743,0.0745008933062174
8500000.0,3800000.0,3300000.0,280000.0,432000.0,0.01,0.01,0.00195091125,0.00141,3.0,35.0,0.0042,42.0,0.02,0.0067554749999999,0.0245316630281249,1.6732500000000003,0.043413891200625,0.01,-1.0,0.001,0.01,True,True,False,HEM,0.0,0.077875831,-0.18653825,0.1086619,-5.189999999766215e-07,0.99999999,0.99999999,0.1897563771708239,-1.3955907715714044
8500000.0,3800000.0,3300000.0,280000.0,432000.0,0.01,0.01,0.00185073075,0.00141,3.0,35.0,0.0042,42.0,0.02,0.0019308749999999,0.010387383421875,40.33025000000001,0.005552086246875,0.01,-1.0,0.001,0.01,True,True,False,HEM,0.0,0.07672913,-0.0053362547,-0.071396899,-4.023699999994301e-06,0.18865093,0.18865093,0.0651244759991561,-0.0405199742979497
8500000.0,3800000.0,3300000.0,280000.0,432000.0,0.01,0.01,0.00210636375,0.00141,3.0,35.0,0.0042,42.0,0.02,0.003024825,0.019747494391875,69.54775,0.017671405753125,0.01,-1.0,0.001,0.01,True,True,False,HEM,0.0,0.077021464,0.014688964,-0.09171064,-2.119999999994349e-07,0.9844578,0.9844578,0.0354338826163219,0.1111148954548476
8500000.0,3800000.0,3300000.0,280000.0,432000.0,0.01,0.01,0.00172982325,0.00141,3.0,35.0,0.0042,42.0,0.02,0.0037821749999999,0.0046663529606249,28.64325,0.0355266316556249,0.01,-1.0,0.001,0.01,True,True,False,HEM,0.0,0.077323243,0.0092747057,-0.08659754,4.086999999958209e-07,0.99927726,0.99927726,0.0337449784717845,0.0698848378977998
8500000.0,3800000.0,3300000.0,280000.0,432000.0,0.01,0.01,0.00166073325,0.00141,3.0,35.0,0.0042,42.0,0.02,0.002155275,0.0199917381993749,87.07825,0.021213671360625,0.01,-1.0,0.001,0.01,True,False,False,HEM,0.0,0.076861977,0.002172325,-0.0787992,0.000235102,0.98261487,0.98261487,0.2193745124545899,0.0164666833476203
8500000.0,3800000.0,3300000.0,280000.0,432000.0,0.01,0.01,0.00207181875,0.00141,3.0,35.0,0.0042,42.0,0.02,0.006474975,0.029334712363125,75.84075,0.0587832224118749,0.01,-1.0,0.001,0.01,True,True,False,HEM,0.0,0.077811013,-0.16208004,0.084268491,-5.360000000093068e-07,0.99999999,0.99999999,0.2129185783829577,-1.213616160046255
8500000.0,3800000.0,3300000.0,280000.0,432000.0,0.01,0.01,0.00150873525,0.00141,3.0,35.0,0.0042,42.0,0.02,0.001482075,0.013155082959375,24.148250000000004,0.008858325223125,0.01,-1.0,0.001,0.01,True,False,False,HEM,0.0,0.076692045,-0.041946731,-0.037315507,-0.0025701929999999,0.72674281,0.72674281,0.071956560798497,-0.3186696382647769
8500000.0,3800000.0,3300000.0,280000.0,432000.0,0.01,0.01,0.00204072825,0.00141,3.0,35.0,0.0042,42.0,0.02,0.0054371249999999,0.005893435715625,39.880750000000006,0.0097684747031249,0.01,-1.0,0.001,0.01,True,True,False,HEM,0.0,0.077617058,-0.083469104,0.0058303664,-2.167959999999948e-05,0.99980205,0.99980205,0.0583533863920551,-0.6265582592746983
